Metric,Value
design__lint_error__count,0
design__lint_timing_construct__count,0
design__lint_warning__count,11
design__inferred_latch__count,0
design__instance__count,71137
design__instance__area,902417
design__instance_unmapped__count,0
synthesis__check_error__count,0
design__max_slew_violation__count__corner:nom_fast_1p32V_m40C,0
design__max_fanout_violation__count__corner:nom_fast_1p32V_m40C,0
design__max_cap_violation__count__corner:nom_fast_1p32V_m40C,0
power__internal__total,0.00007029737025732175
power__switching__total,0.00001971996243810281
power__leakage__total,0.00005601735392701812
power__total,0.00014603468298446387
clock__skew__worst_hold__corner:nom_fast_1p32V_m40C,-0.27936265202978194
clock__skew__worst_setup__corner:nom_fast_1p32V_m40C,0.25819772051222584
timing__hold__ws__corner:nom_fast_1p32V_m40C,0.12029930170300446
timing__setup__ws__corner:nom_fast_1p32V_m40C,14.283907794198841
timing__hold__tns__corner:nom_fast_1p32V_m40C,0.0
timing__setup__tns__corner:nom_fast_1p32V_m40C,0.0
timing__hold__wns__corner:nom_fast_1p32V_m40C,0
timing__setup__wns__corner:nom_fast_1p32V_m40C,0.0
timing__hold_vio__count__corner:nom_fast_1p32V_m40C,0
timing__hold_r2r__ws__corner:nom_fast_1p32V_m40C,0.120299
timing__hold_r2r_vio__count__corner:nom_fast_1p32V_m40C,0
timing__setup_vio__count__corner:nom_fast_1p32V_m40C,0
timing__setup_r2r__ws__corner:nom_fast_1p32V_m40C,Infinity
timing__setup_r2r_vio__count__corner:nom_fast_1p32V_m40C,0
design__max_slew_violation__count__corner:nom_slow_1p08V_125C,0
design__max_fanout_violation__count__corner:nom_slow_1p08V_125C,0
design__max_cap_violation__count__corner:nom_slow_1p08V_125C,0
clock__skew__worst_hold__corner:nom_slow_1p08V_125C,-0.3118040358606488
clock__skew__worst_setup__corner:nom_slow_1p08V_125C,0.2660284290377064
timing__hold__ws__corner:nom_slow_1p08V_125C,0.6492428445291372
timing__setup__ws__corner:nom_slow_1p08V_125C,12.208101541888883
timing__hold__tns__corner:nom_slow_1p08V_125C,0.0
timing__setup__tns__corner:nom_slow_1p08V_125C,0.0
timing__hold__wns__corner:nom_slow_1p08V_125C,0
timing__setup__wns__corner:nom_slow_1p08V_125C,0.0
timing__hold_vio__count__corner:nom_slow_1p08V_125C,0
timing__hold_r2r__ws__corner:nom_slow_1p08V_125C,0.649243
timing__hold_r2r_vio__count__corner:nom_slow_1p08V_125C,0
timing__setup_vio__count__corner:nom_slow_1p08V_125C,0
timing__setup_r2r__ws__corner:nom_slow_1p08V_125C,Infinity
timing__setup_r2r_vio__count__corner:nom_slow_1p08V_125C,0
design__max_slew_violation__count__corner:nom_typ_1p20V_25C,0
design__max_fanout_violation__count__corner:nom_typ_1p20V_25C,0
design__max_cap_violation__count__corner:nom_typ_1p20V_25C,0
clock__skew__worst_hold__corner:nom_typ_1p20V_25C,-0.2909451650840622
clock__skew__worst_setup__corner:nom_typ_1p20V_25C,0.2609850187611043
timing__hold__ws__corner:nom_typ_1p20V_25C,0.3109571577135134
timing__setup__ws__corner:nom_typ_1p20V_25C,13.520822177904584
timing__hold__tns__corner:nom_typ_1p20V_25C,0.0
timing__setup__tns__corner:nom_typ_1p20V_25C,0.0
timing__hold__wns__corner:nom_typ_1p20V_25C,0
timing__setup__wns__corner:nom_typ_1p20V_25C,0.0
timing__hold_vio__count__corner:nom_typ_1p20V_25C,0
timing__hold_r2r__ws__corner:nom_typ_1p20V_25C,0.310957
timing__hold_r2r_vio__count__corner:nom_typ_1p20V_25C,0
timing__setup_vio__count__corner:nom_typ_1p20V_25C,0
timing__setup_r2r__ws__corner:nom_typ_1p20V_25C,Infinity
timing__setup_r2r_vio__count__corner:nom_typ_1p20V_25C,0
design__max_slew_violation__count,0
design__max_fanout_violation__count,0
design__max_cap_violation__count,0
clock__skew__worst_hold,-0.27936265202978194
clock__skew__worst_setup,0.25819772051222584
timing__hold__ws,0.12029930170300446
timing__setup__ws,12.208101541888883
timing__hold__tns,0.0
timing__setup__tns,0.0
timing__hold__wns,0
timing__setup__wns,0.0
timing__hold_vio__count,0
timing__hold_r2r__ws,0.120299
timing__hold_r2r_vio__count,0
timing__setup_vio__count,0
timing__setup_r2r__ws,inf
timing__setup_r2r_vio__count,0
design__die__bbox,0.0 0.0 1289.28 710.64
design__core__bbox,2.88 3.78 1286.4 706.86
design__io,45
design__die__area,916214
design__core__area,902417
design__instance__count__stdcell,209
design__instance__area__stdcell,2641.77
design__instance__count__macros,0
design__instance__area__macros,0
design__instance__count__padcells,0
design__instance__area__padcells,0
design__instance__count__cover,0
design__instance__area__cover,0
design__instance__utilization,0.00292743
design__instance__utilization__stdcell,0.00292743
design__rows,186
design__rows:CoreSite,186
design__sites,497364
design__sites:CoreSite,497364
design__instance__count__class:buffer,8
design__instance__area__class:buffer,58.0608
design__instance__count__class:inverter,12
design__instance__area__class:inverter,65.3184
design__instance__count__class:sequential_cell,14
design__instance__area__class:sequential_cell,685.843
design__instance__count__class:multi_input_combinational_cell,127
design__instance__area__class:multi_input_combinational_cell,1190.25
flow__warnings__count,1
flow__errors__count,0
flow__warnings__count:ORD-0032,1
flow__warnings__type_count,1
flow__warnings__count:ORD-0039,1
design__power_grid_violation__count__net:VPWR,0
design__power_grid_violation__count__net:VGND,0
design__power_grid_violation__count,0
timing__drv__floating__nets,0
timing__drv__floating__pins,0
design__instance__displacement__total,219.506
design__instance__displacement__mean,1.05
design__instance__displacement__max,7.56
route__wirelength__estimated,3714.7
design__violations,0
design__instance__count__class:timing_repair_buffer,45
design__instance__area__class:timing_repair_buffer,571.536
design__instance__count__class:clock_buffer,3
design__instance__area__class:clock_buffer,70.7616
design__instance__count__setup_buffer,0
design__instance__count__hold_buffer,27
global_route__vias,1173
global_route__wirelength,6026
antenna__violating__nets,0
antenna__violating__pins,0
route__antenna_violation__count,0
antenna_diodes_count,0
route__net,228
route__net__special,2
route__drc_errors__iter:0,14
route__wirelength__iter:0,3833
route__drc_errors__iter:1,10
route__wirelength__iter:1,3834
route__drc_errors__iter:2,3
route__wirelength__iter:2,3807
route__drc_errors__iter:3,0
route__wirelength__iter:3,3814
route__drc_errors,0
route__wirelength,3814
route__vias,1112
route__vias__singlecut,1112
route__vias__multicut,0
flow__warnings__count:DRT-0349,7
design__disconnected_pin__count,1
design__critical_disconnected_pin__count,0
route__wirelength__max,120.97
design__instance__count__class:fill_cell,70928
design__instance__area__class:fill_cell,899775
timing__unannotated_net__count__corner:nom_fast_1p32V_m40C,1
timing__unannotated_net_filtered__count__corner:nom_fast_1p32V_m40C,0
timing__unannotated_net__count__corner:nom_slow_1p08V_125C,1
timing__unannotated_net_filtered__count__corner:nom_slow_1p08V_125C,0
timing__unannotated_net__count__corner:nom_typ_1p20V_25C,1
timing__unannotated_net_filtered__count__corner:nom_typ_1p20V_25C,0
timing__unannotated_net__count,1
timing__unannotated_net_filtered__count,0
design_powergrid__voltage__worst__net:VPWR__corner:nom_typ_1p20V_25C,1.19983
design_powergrid__drop__average__net:VPWR__corner:nom_typ_1p20V_25C,1.2
design_powergrid__drop__worst__net:VPWR__corner:nom_typ_1p20V_25C,0.00016938
design_powergrid__voltage__worst__net:VGND__corner:nom_typ_1p20V_25C,0.0000948246
design_powergrid__drop__average__net:VGND__corner:nom_typ_1p20V_25C,7.23663E-7
design_powergrid__drop__worst__net:VGND__corner:nom_typ_1p20V_25C,0.0000948246
design_powergrid__voltage__worst,0.0000948246
design_powergrid__voltage__worst__net:VPWR,1.19983
design_powergrid__drop__worst,0.00016938
design_powergrid__drop__worst__net:VPWR,0.00016938
design_powergrid__voltage__worst__net:VGND,0.0000948246
design_powergrid__drop__worst__net:VGND,0.0000948246
ir__voltage__worst,1.1999999999999999555910790149937383830547332763671875
ir__drop__avg,8.15000000000000031941138102509203378076563240028917789459228515625E-7
ir__drop__worst,0.000168999999999999987905507925489700937760062515735626220703125
magic__drc_error__count,0
magic__illegal_overlap__count,0
design__lvs_device_difference__count,0
design__lvs_net_difference__count,0
design__lvs_property_fail__count,0
design__lvs_error__count,0
design__lvs_unmatched_device__count,0
design__lvs_unmatched_net__count,0
design__lvs_unmatched_pin__count,0
